filename,topic_sentiment_score_macroeconomic_commentary,topic_sentiment_score_asset_purchases_balance_sheet,topic_sentiment_score_financial_conditions_market_functioning,topic_sentiment_score_timing_operations,topic_sentiment_score_federal_reserve_agencies,macroeconomic_commentary,asset_purchases_balance_sheet,financial_conditions_market_functioning,timing_operations,federal_reserve_agencies,word_count,overall_sentiment,topic_sentiment_score_macroeconomic_commentary_category,topic_sentiment_score_asset_purchases_balance_sheet_category,topic_sentiment_score_financial_conditions_market_functioning_category,topic_sentiment_score_timing_operations_category,topic_sentiment_score_federal_reserve_agencies_category,monetary_policy,federal_reserve,inflation,federal_fund_rate,labor_market,target_range,stance_monetary_policy,maximum_employment_price,open_market_committee,holding_treasury_security,date,ticker,speech_close,pre_market_movement,after_1_day_market,before_5_open,before_5_close,before_4_open,before_4_close,before_3_open,before_3_close,before_2_open,before_2_close,before_1_open,before_1_close,after_1_open,after_1_close,after_2_open,after_2_close,after_3_open,after_3_close,after_4_open,after_4_close,after_5_open,after_5_close,after_6_open,after_6_close,after_7_open,after_7_close,after_8_open,after_8_close,after_9_open,after_9_close,after_10_open,after_10_close,momentum_3d_before,momentum_5d_after,volatility_3d_before,volatility_5d_after
2005_Aug_09.json,0.0,0.0,0.0,0.0121951219512195,0.1574390521758942,0.0003795929711728,0.0003798837764601,0.0003739180320285,0.0003837619396416,0.998482843280697,174,6,poor,poor,poor,neutral,good,2,0,4,1,1,0,1,0,1,0,2005-08-09 00:00:00-04:00,SPY,85.10476684570312,0.0034852452952584,-0.0004858872175085,85.4358568018039,85.79450988769531,85.69793987386296,86.02210998535156,85.6841494554869,85.33238983154297,85.14616249448372,84.75302124023438,84.93924415367725,84.5943832397461,85.40137783395618,85.06341552734375,85.02198764788649,85.40133666992188,85.22893401589818,84.8771743774414,84.98750472180245,85.40133666992188,85.13925361366708,84.2908935546875,84.27713366829968,84.28402709960938,84.18058471236816,84.27714538574219,84.58059813348093,84.47024536132812,84.54611519437849,84.47024536132812,84.49091359941471,84.31158447265625,-0.0165972067628727,-0.0095631927702848,0.0032524083903205,0.0077930638344414
2005_Dec_13.json,0.0,2.2784233310548484e-05,0.0,0.0504545454545454,0.0,0.0003921261472258,0.3925738723145041,0.00038252166593,0.2094417056518608,0.397209774220479,126,3,poor,neutral,poor,very good,poor,0,0,3,1,0,0,0,0,1,0,2005-12-13 00:00:00-05:00,SPY,88.1822738647461,-0.0009424590141264,0.0039275054902451,88.0021709716603,87.84285736083984,87.80824502293123,87.33031463623047,87.42729558211951,87.27490997314453,87.38573604129267,87.50348663330078,87.76665559009356,87.58656311035156,88.0991656858561,88.52861022949219,88.54937488471425,88.2723159790039,88.62883457085898,87.98821258544922,88.24582720035144,87.53556823730469,87.64006781566577,87.61917877197266,87.89071954104173,87.75841522216797,87.95339366050497,88.21800231933594,88.28067077624277,88.2667465209961,88.40599877728928,87.36846923828125,87.55647363270556,87.56343841552734,0.0029342442562869,-0.0063855814563945,0.0016269228143899,0.0036542246526506
2005_Feb_02.json,0.0,0.0,0.0,0.0746951219512195,0.1574390521758942,0.0003916581493056,0.0003917285453554,0.0003854448719386,0.0003963119620757,0.9984348564713246,160,7,poor,poor,poor,very good,good,1,0,3,1,1,0,1,0,1,0,2005-02-02 00:00:00-05:00,SPY,81.61188507080078,-0.0017609915854265,-0.0025994123791148,80.27756919618284,80.21598815917969,80.18861529334693,80.35283660888672,80.3938906326463,80.35283660888672,80.70865642202183,80.85235595703125,80.9139244433962,81.36553955078125,81.4681672279203,81.39974212646484,81.42713941117422,82.26878356933594,82.28247671293633,82.15930938720703,82.2277024611498,82.25507354736328,82.39878252014807,81.63925170898438,81.87874235080994,81.93347930908203,81.9060927223647,82.63825225830078,82.5835423816433,82.57669830322266,82.65881826538995,82.8846206665039,82.7477615162142,82.9393539428711,0.0126032008903904,0.0003353266274861,0.0036274280346977,0.006706023176537
2005_Jun_30.json,0.0,0.0,0.0,0.0576496674057649,0.1574390521758942,0.000383707052888,0.0003841256363342,0.0003781522923785,0.0003874909006319,0.9984665241177672,161,7,poor,poor,poor,very good,good,2,0,3,1,1,0,1,0,1,0,2005-06-30 00:00:00-04:00,SPY,82.20106506347656,0.002264989266538,0.0029362578843016,83.67708333666639,82.67008972167969,82.68387119861804,82.06312561035156,82.05623159773485,82.18038177490234,82.35277250377756,82.87006378173828,83.0218110426217,82.64936065673828,82.38724959354333,82.44242858886719,82.24934522646778,83.10459899902344,83.03561074312731,82.40796661376953,81.58721149648066,82.73214721679688,82.74592436122704,83.67704772949219,83.68399013478971,84.10472106933594,84.13918867068526,84.3254165649414,84.33229943427511,84.44265747070312,84.82201537675485,84.77373504638672,84.69094278656074,84.72542572021484,0.0071437084808378,0.0179557608514664,0.0055895690928009,0.0074991163688342
2005_Mar_22.json,0.0,0.0,0.0,0.0746951219512195,0.1574390521758942,0.0003759950186446,0.0003763783397761,0.0003704531088808,0.0003795544247524,0.998497619107946,190,7,poor,poor,poor,very good,good,2,0,3,1,1,0,1,0,1,0,2005-03-22 00:00:00-05:00,SPY,80.30438232421875,0.0004279764116485,0.0008557186364441,83.08305322542735,82.20719909667969,81.90613760157719,81.50926971435547,81.63923149475518,81.67344665527344,81.8225607871702,81.43099975585938,81.54776269808427,81.12872314453125,80.33875070560552,80.37310028076172,80.68904654085004,80.46922302246094,80.66160153939028,80.5860366821289,80.46924091000051,80.05020141601562,80.22193995725995,81.18367004394531,81.19054765809828,81.03254699707031,81.49280180754556,80.66846466064453,80.6203807682481,80.80585479736328,80.90888478055658,81.19053649902344,81.36913978775787,81.47218322753906,-0.004668752046949,0.0109494363106676,0.0031136899490217,0.007495216302873
2005_May_03.json,0.0,0.0,0.0,0.0088219162095927,0.1574390521758942,0.0003762597146112,0.0003765533350398,0.0003704623627356,0.0003801700210327,0.9984965545665804,181,8,poor,poor,poor,neutral,good,2,0,3,1,1,0,1,0,1,0,2005-05-03 00:00:00-04:00,SPY,80.0982894897461,0.0004291285647744,0.0077189975885454,79.65867219547948,79.13658905029297,78.90300335024789,79.44569396972656,79.18465879116488,78.44962310791016,79.0472405062929,79.51436614990234,79.73422004232502,79.9609146118164,80.13266195375571,80.71656799316406,80.83332274973777,80.6890640258789,81.0119231982988,80.43488311767578,80.51734651364667,80.93638610839844,80.62037243929369,80.0982894897461,80.32498074667966,80.53793334960938,80.59290943950752,79.65178680419922,79.89223693934446,79.49380493164062,79.48003876788711,80.23568725585938,79.96777021379563,80.77149963378906,0.0064851927945417,0.0,0.013382804399391,0.0073437052372285
2005_Nov_01.json,0.0,0.0,0.0,0.0,0.1574390521758942,0.0003786685690931,0.0003791037744315,0.000373223711888,0.0003829837374222,0.998486020207165,177,5,poor,poor,poor,neutral,good,2,0,4,1,0,0,0,0,1,0,2005-11-01 00:00:00-05:00,SPY,83.45835876464844,-0.0026560143228434,0.0104571199666808,82.92501068115234,82.92501068115234,82.77952017463264,82.68254852294922,82.56477870129211,81.8028564453125,82.03144198668508,82.98038482666016,83.31981980548944,83.20899200439453,83.23669216840852,84.33109283447266,84.60814574310737,84.6912612915039,84.78133102700559,84.58045959472656,84.76055353642616,84.66358184814453,84.45578235350638,84.66358184814453,84.55967654869453,84.77439880371094,84.73977609096086,85.43243408203125,85.4393506208735,85.72334289550781,85.74411519139436,85.67485046386719,85.57784848193361,85.36312103271484,0.0063670446889911,0.0144410110782886,0.0125272949069289,0.0047112391907789
2005_Sep_20.json,0.0,0.0,0.0,-0.0783333333333333,-0.7800609478241057,0.0003700278933955,0.000370595418325,0.0003643944446678,0.0003737426024711,0.9985212396411404,247,5,poor,poor,poor,very poor,poor,2,0,4,1,0,0,0,0,1,0,2005-09-20 00:00:00-04:00,SPY,84.53888702392578,-0.0021304451636378,-0.009340581142982,85.61518816737036,85.29102325439453,85.34615772118016,84.98060607910156,85.24270585467082,84.9392318725586,85.40471395375471,85.54324340820312,85.52249078643102,85.25927734375,84.35878156092633,83.7492446899414,83.77697533865455,84.04711151123047,83.97786688110355,84.11640167236328,84.51811426986211,84.21334838867188,84.17177411539977,84.19255828857422,84.45576541953689,84.27567291259766,84.19258260250379,84.96143341064453,84.93370959779344,85.22462463378906,85.16920281287058,84.91984558105469,85.05146192060337,83.9639892578125,0.0032792336687861,-0.0040966796174348,0.0053937004391313,0.0049668505645645
2006_Aug_08.json,0.0,0.0,0.0,0.0134489298111589,0.0,0.0004204585527665,0.0004201524394859,0.0004141789251023,0.9983222470661692,0.0004229630164758,158,4,poor,poor,poor,neutral,poor,1,0,6,1,0,0,0,0,1,0,2006-08-08 00:00:00-04:00,SPY,89.46586608886719,0.0060430559212698,-0.0033752697955991,89.41674826838805,89.33248901367188,89.58523834201488,89.93633270263672,89.41670663331756,90.1750717163086,90.63849051086206,90.02056121826172,89.80992889404297,89.80992889404297,90.00651332068705,89.16389465332031,88.88305253674325,89.43778228759766,89.29733733748506,89.18498992919922,89.6203696446804,89.25523376464844,90.05572795619305,90.32256317138672,90.8070205696535,91.07384490966795,90.98964303922918,91.30562591552734,91.417933418142,91.76902770996094,91.4109248398964,91.37582397460938,91.277512428287,91.36878967285156,-0.0014054810196865,0.0095756864597786,0.0027207609490444,0.006203675991177
2006_Dec_12.json,0.0,0.009090909090909,0.0,-0.013112326270221,0.0,0.0003617253296817,0.2659988914841878,0.0003528504048886,0.7329268198778756,0.0003597129033661,158,1,poor,good,poor,poor,poor,1,0,6,1,0,0,0,0,1,0,2006-12-12 00:00:00-05:00,SPY,99.95185089111328,0.0035985494188634,0.001058325125875,99.83900480295866,100.07879638671876,100.0576205863939,99.99414825439452,100.1704721939437,99.556884765625,99.53573931238824,99.74026489257812,99.74026806285548,100.02943420410156,100.31153256605182,100.05763244628906,100.05060949200453,100.9392547607422,101.1612046448791,100.9484405517578,101.0902430091904,100.67181396484376,100.38814488796906,100.86331176757812,100.90589094629848,100.80660247802734,100.89878049199858,100.4377899169922,100.45201707717784,99.8208236694336,99.86335474027332,100.4094467163086,100.61512377092812,101.06901550292967,0.0003528801467187,0.0091189994816383,0.0039290765436324,0.0042792657480057
2006_Jan_31.json,0.0,2.2784233310548484e-05,0.0,0.0504545454545454,0.0,0.0003945215827089,0.3768100754062702,0.0003847275537691,0.236638633317851,0.3857720421394006,122,3,poor,neutral,poor,very good,poor,0,0,3,1,0,0,0,0,1,0,2006-01-31 00:00:00-05:00,SPY,88.78201293945312,0.002510261540508,0.0069808494336433,88.17623151547019,88.12052917480469,88.46170873035292,88.19710540771484,88.60796598102355,88.68456268310547,88.89342471649562,89.50618743896484,89.43656921386719,89.43656921386719,89.00487901202392,89.40178680419922,89.19984140547477,88.36424255371094,88.14141054814912,87.92554473876953,88.04389400985237,88.15530395507812,88.00211954064615,87.37542724609375,87.63308891993137,88.16926574707031,88.3781727570129,88.0230484008789,88.03696841496483,88.18319702148438,88.15534744406482,88.0230484008789,88.05784980700864,88.95611572265625,0.0140533388303685,-0.0158431381176121,0.00507557711717,0.0077955902508522
2006_Jun_29.json,0.0,0.0,0.0,0.0182336188063742,0.112987012987013,0.0004034066289536,0.0004035879871039,0.0003969677394334,0.7825983283413156,0.2161977093031933,193,8,poor,poor,poor,good,good,0,0,6,1,0,0,0,0,1,0,2006-06-29 00:00:00-04:00,SPY,89.36754608154297,0.0021216300465549,7.871203883559796e-05,87.7384878186983,87.39441680908203,87.3031070335416,87.3803482055664,87.45059584980154,87.7665786743164,87.7805849815327,87.0081787109375,87.20482136889589,87.5980453491211,89.55715095249646,89.37458038330078,89.47993426480338,89.73974609375,89.38160181965019,89.22711944580078,89.31838646960873,89.4869155883789,89.31142283231908,88.9041519165039,89.13582396729602,89.07262420654297,88.90410539661644,89.46585845947266,89.2833013350005,88.51089477539062,88.08953643746246,87.07136535644531,87.16268767823925,86.7343521118164,0.0024913741822421,-0.0051852622720135,0.0083061694966482,0.004871266090396
2006_Mar_28.json,0.0,2.2784233310548484e-05,0.0,0.1323410799726589,0.0,0.0003822014066685,0.3546266788343835,0.0003725611090706,0.3455989580206893,0.2990196006291879,183,10,poor,neutral,poor,very good,poor,0,0,3,1,0,0,0,0,1,0,2006-03-28 00:00:00-05:00,SPY,90.33750915527344,0.0014710611925889,0.0062690455088956,91.14149517464966,90.59619903564452,90.540267789695,91.14849090576172,91.06460023163122,90.9597396850586,90.87585287388409,91.02965545654295,90.90379195544926,90.89680480957033,90.47040115922692,90.90383911132812,90.95974565547384,90.74302673339844,90.89679985763848,90.76396942138672,90.93180116504178,90.69409942626952,90.69403141728164,91.27428436279295,91.30927776268204,91.5889129638672,91.47705354094526,91.49102783203124,91.623858725822,90.56122589111328,90.7010498046875,90.7010498046875,90.77800520367369,89.93209075927734,-0.0027612755152645,0.0103697258899333,0.0014944667317658,0.0039541646189214
2006_May_10.json,0.0,0.0,0.0,0.1409825365552919,0.0,0.0004331935322939,0.000432966869205,0.0004256572458512,0.7092094200315742,0.2894987623210754,211,10,poor,poor,poor,very good,poor,0,0,4,1,0,0,0,0,1,0,2006-05-10 00:00:00-04:00,SPY,92.6655044555664,-0.0003015761927404,-0.0120707042971786,91.6868201696474,91.50505828857422,91.63786374166662,91.83361053466795,92.31599973320326,92.6445770263672,92.637552479551,92.5326919555664,92.57461420807871,92.71443176269533,92.63755874553432,91.54696655273438,91.13452691369298,90.3515396118164,90.03692983565169,90.53329467773438,90.71505925520114,90.40046691894533,89.95302341190501,88.6806640625,89.03021023865554,88.23323822021484,88.69465614378225,88.8554458618164,88.28219590417868,88.17733001708984,88.91137739069994,87.50618743896484,87.8627044403966,88.20526123046875,0.009591490772268,-0.0430024140749932,0.0051313412024349,0.0087177370561855
2006_Oct_25.json,0.0,0.0,0.0,-0.0040214171793119,0.0,0.0004245537372918,0.0004245347455227,0.0004185085202767,0.998305260600993,0.0004271423959156,148,1,poor,poor,poor,neutral,poor,1,0,6,1,0,0,0,0,1,0,2006-10-25 00:00:00-04:00,SPY,97.57511138916016,0.0022403304065591,0.0031076601535729,96.65114320977064,96.33377075195312,96.19272235164952,96.48893737792967,96.5101089477539,96.5101089477539,96.31262497647316,96.95442962646484,96.82039803664438,97.24356842041016,97.79371187812868,97.87834167480467,97.75843933667142,97.2647476196289,97.08843425141616,97.19422149658205,97.37760221018848,97.18011474609376,97.48337748845152,96.52420043945312,96.27730758972658,96.46773529052734,96.81333691914972,96.29847717285156,96.59476707629612,97.38467407226562,97.46929479959508,97.75846099853516,97.32820434012632,97.97000885009766,0.0078209073805497,-0.0107702767103762,0.002216840435655,0.004237141252756
2006_Sep_20.json,0.0,0.0,0.0,4.556846662109697e-05,0.0,0.0004329940790679,0.0004328942932897,0.0004265353389157,0.9982717824790056,0.0004357938097209,144,1,poor,poor,poor,neutral,poor,1,0,6,1,0,0,0,0,1,0,2006-09-20 00:00:00-04:00,SPY,93.45623016357422,0.0007548582365871,-0.0048296684883744,92.43611308794456,92.8433837890625,92.66080438206062,92.8503875732422,93.31516927403936,93.06832885742188,92.94846121844472,93.1953125,93.18118906868048,92.96255493164062,93.52677636867358,93.00486755371094,92.8638392246007,92.72278594970705,92.90611621629694,93.43507385253906,93.44920649843009,94.21090698242188,94.1474112549872,94.32373046875,94.32375630015478,94.28849029541016,94.36606878999466,94.21090698242188,94.18267483454092,93.8582534790039,93.72422129577872,94.05570220947266,93.9640629762448,95.1559829711914,0.0012080440516195,0.0092824234794983,0.0025609940827786,0.0060113276518226
2007_Aug_07.json,0.0,0.0,0.0,-0.9114674435534512,0.0,0.0004443632717029,0.000445336412802,0.0004367978219244,0.99822716021105,0.0004463422825204,167,9,poor,poor,poor,very poor,poor,0,0,4,1,0,0,0,0,1,0,2007-08-07 00:00:00-04:00,SPY,105.66859436035156,0.0043310829944351,0.0139405989547872,106.06904812302028,104.20266723632812,103.81650499925438,104.71036529541016,104.9463679372601,105.54705047607422,105.31820080986438,102.82969665527344,103.1228708259022,104.55304718017578,106.12625381243154,107.14167785644533,105.42544995754176,103.9666748046875,103.25158950166502,103.4804229736328,104.76045263329428,103.85228729248048,104.1883363989673,102.2647476196289,102.05741031685082,100.8560562133789,99.96219618526143,101.6140594482422,104.04533787655998,103.4804229736328,103.80936242476297,103.43036651611328,103.40180200223672,103.63777160644533,-0.0015024120562517,-0.0322124729805226,0.0224412259116228,0.0168475058488883
2007_Dec_11.json,0.0,0.0,0.0,-0.0599192548999994,0.0,0.0004955513325605,0.3311090771713098,0.0004868633585569,0.6674074114347852,0.0005010967027874,168,8,poor,poor,poor,poor,poor,0,0,5,1,0,0,0,0,1,0,2007-12-11 00:00:00-05:00,SPY,106.27044677734376,0.0212971070005398,0.0098712190611296,105.37238386964192,105.1568374633789,106.28486288415397,106.91712951660156,106.787805600685,108.44749450683594,108.79231680190638,108.42589569091795,108.69176898292724,109.2665557861328,108.533699853356,107.31946563720705,106.56506438320872,107.09673309326172,106.28488743004787,105.73884582519533,105.3364434216499,104.22998809814452,104.97001728849403,104.81195068359376,104.85505776435862,104.81195068359376,105.50164240763544,105.47290802001952,106.44445014766524,106.99340057373048,107.49180878651995,107.7879409790039,107.36898708501188,108.01905822753906,0.0219742737216532,-0.0137243809354244,0.0072674844406937,0.0107293892999733
2007_Jan_31.json,0.0,0.0,0.0,0.0213315995087497,0.0,0.0004339061426052,0.0004341609379509,0.0004274541658492,0.9982688663136216,0.0004356124399729,131,4,poor,poor,poor,good,poor,0,0,5,1,0,0,0,0,1,0,2007-01-31 00:00:00-05:00,SPY,101.9484405517578,0.0027825528135513,0.0059825994758798,101.39525925072424,102.09027862548828,102.02644305296228,100.89170837402344,101.11159794759274,100.79954528808594,100.84206343013962,100.7427749633789,100.9555592136514,101.2676010131836,102.23211747185228,102.55835723876952,102.6434346162776,102.7001724243164,102.62219680247884,102.72858428955078,102.8136653078022,102.75692749023438,102.92001178220656,102.98384857177734,102.67889241860338,102.84910583496094,102.87749877843711,102.08319091796876,102.08316411742278,101.73564910888672,101.96264045408805,102.59383392333984,102.69309972364324,103.2675552368164,0.0037257039772451,0.0101561928207609,0.0034384896281061,0.002357155338241
2007_Jun_28.json,0.0,0.0,0.0,0.0260935042706544,0.0,0.0004587554842968,0.0004587356900172,0.0004515622948609,0.9981701559371972,0.0004607905936276,137,5,poor,poor,poor,good,poor,0,0,4,1,0,0,0,0,1,0,2007-06-28 00:00:00-04:00,SPY,107.5349578857422,0.0034578151417214,0.0003323915690457,108.03553261453231,108.67910766601562,108.3501917604401,107.65655517578124,107.43485901848616,107.14167022705078,107.41341488481532,106.04043579101562,105.92605818243226,107.54930114746094,107.90679389138388,107.5707015991211,107.88536351095134,108.54324340820312,108.82209147485766,108.93650817871094,108.97943330823506,108.82211303710938,108.96514916081571,109.39419555664062,109.5229297985308,109.4800262451172,108.90077172445996,107.92110443115234,107.79956583882628,108.686279296875,108.95800720216069,110.4024887084961,110.53122142941824,110.7314453125,-0.0009962610093292,0.0172896117453631,0.0128599270071105,0.0040163468488905
2007_Mar_21.json,0.0,0.0,0.0,0.0091136933242196,0.0,0.0004598498482655,0.0004596397327489,0.0004525851736748,0.9981658556962568,0.0004620695490539,124,2,poor,poor,poor,neutral,poor,0,0,4,1,0,0,0,0,1,0,2007-03-21 00:00:00-04:00,SPY,102.0252685546875,0.0013262914053477,-0.0007673868227822,98.17546746709766,98.7782974243164,98.55846728797108,98.91307067871094,99.19142163034236,98.63604736328124,99.1558266136746,99.82512664794922,99.73967811227068,100.37337493896484,102.16058379149987,101.9469757080078,102.01811299807328,102.096435546875,102.17477435479135,101.96116638183594,101.90423738790838,101.7191162109375,101.20644776020696,100.97860717773438,101.49124888436,101.0854034423828,101.27763140594348,101.10674285888672,101.22071075439452,101.22071075439452,101.7974417661804,102.31009674072266,102.31003977551224,102.42396545410156,0.0147635115383004,-0.01025884461546,0.0074447098087051,0.00324000432832
2007_May_09.json,0.0,0.0,0.0,0.0007404875825928,0.0,0.0004596393136833,0.0004598645358058,0.0004525893054726,0.9981663789721804,0.0004615278728577,123,3,poor,poor,poor,neutral,poor,0,0,4,1,0,0,0,0,1,0,2007-05-09 00:00:00-04:00,SPY,107.6288833618164,-0.0028447928744636,-0.0104525845187679,106.01966515658904,106.47535705566406,106.7815607775934,107.05213165283205,107.33692004695727,107.4579620361328,107.42950388499077,107.47933959960938,107.215910184028,107.33695220947266,107.32270148134224,106.5038833618164,106.62490310274517,107.41524505615234,107.41526559773156,107.1802978515625,107.30134116188552,107.2087860107422,107.3725665491965,107.9421844482422,107.78552426980843,107.7285614013672,108.23407893073018,108.6684112548828,108.63990653399806,108.61141967773438,108.72535790578388,108.52599334716795,108.9033787138444,108.54025268554688,0.0026605780963266,0.0029109387428329,0.0026266343770684,0.0076207494395072
2007_Oct_31.json,0.0,4.556846662109697e-05,0.0,0.0542992458974487,0.0,0.0003638670872116,0.518172347385168,0.0003560185968417,0.4807414897931913,0.0003662771375872,197,7,poor,good,poor,very good,poor,0,0,5,1,0,0,0,0,1,0,2007-10-31 00:00:00-04:00,SPY,111.11302947998048,-0.0087942154614397,-0.0234078218696526,108.64142163582902,108.8354034423828,108.95759549228153,109.09410858154295,109.9706688658233,110.37301635742188,110.59570552023855,110.73941040039062,110.25083379582318,109.97062683105467,110.13587755816022,108.51211547851562,108.87135434716144,108.6342544555664,107.51347228790188,107.80805206298828,108.38998725979717,109.25935363769533,108.0882402517249,106.2704849243164,106.32794573096898,105.73160552978516,104.67542464197106,104.28025817871094,104.33059471350376,103.24568176269533,104.44549892204122,106.39258575439452,107.21167722559753,106.09803009033205,0.0080345149789327,-0.0435821485412434,0.0093480349141655,0.0169796232710163
2007_Sep_18.json,0.0,0.0,0.0,-0.0517613601631573,0.0,0.0005237338146163,0.2867930957271202,0.0005144191119634,0.7116382429317513,0.0005305084145488,165,9,poor,poor,poor,poor,poor,0,0,3,1,0,0,0,0,1,0,2007-09-18 00:00:00-04:00,SPY,109.02238464355467,0.0062307939999868,0.005902819231252,104.57453092375944,105.46839141845705,105.32535214704016,105.74010467529295,106.2263553456132,106.4837875366211,105.80445740601782,106.47663116455078,106.05474159177572,105.90457916259766,109.701680663656,109.66592407226562,109.65164578040802,108.8936538696289,109.71916426904038,109.18748474121094,109.51081591332444,108.986328125,108.35405478828302,108.7707748413086,109.38870340800672,109.34559631347656,109.86287388052143,109.99219512939452,109.81976339929857,109.62577056884766,109.640157289595,110.861572265625,111.08429875454328,110.71068572998048,0.0015554598495033,-0.0023078728562829,0.0062244448787211,0.0049496905661827
2008_Apr_30.json,0.0,0.0,0.0,-0.0803555729678964,0.0,0.0003993239739303,0.4173175808268366,0.0003900819710653,0.5730828381115074,0.0088101751166602,197,4,poor,poor,poor,very poor,poor,1,0,5,1,1,0,0,0,1,0,2008-04-30 00:00:00-04:00,SPY,100.35873413085938,0.0008679414771408,0.0206856050757855,100.23532692641965,99.96675872802734,100.22812334646234,100.40233612060548,101.18625332555516,101.33143615722656,101.53465498210646,101.35318756103516,101.17895149386402,100.95393371582033,100.4458396388049,102.4347152709961,103.32031542786645,102.71784210205078,102.383904837603,102.22421264648438,101.63627246973354,103.10978698730467,102.9937001850439,101.2733917236328,101.43297602676202,101.01197052001952,100.60555115971432,100.82330322265624,101.07735079146138,101.95565795898438,102.2024526803228,101.9701690673828,102.3984500890336,102.1806869506836,0.0054938721201889,0.0091138813247764,0.0067455623968812,0.0144294704297042
2008_Aug_05.json,0.0,0.0,0.0,0.0284905445431761,0.0,0.000490473469353,0.2816522546932893,0.0004809999023579,0.7168825736936876,0.000493698241312,181,9,poor,poor,poor,good,poor,1,0,5,1,1,0,0,0,1,0,2008-08-05 00:00:00-04:00,SPY,93.63866424560548,-0.0026488502214737,0.0044404948031137,90.44345983338673,92.12130737304688,92.72682106229432,93.76271057128906,92.9383828922854,92.52256774902344,92.7340873749584,92.03376770019533,91.94622971000857,91.18025207519533,93.39062944908,94.0544662475586,93.34685451689404,92.6538314819336,92.3401566623783,94.37545776367188,94.44842748774704,95.35301208496094,95.0393003124342,94.36087036132812,93.95232703422268,93.7918472290039,93.2593176326811,94.4994659423828,94.78398419034312,94.95906829833984,95.14872885015647,93.66055297851562,92.95291412936284,92.63922882080078,-0.0275424897633507,0.0077126913496798,0.0039716959857219,0.0140466339095459
2008_Dec_16.json,0.0,-0.0041424199318936,0.0,-0.196166912125675,0.0,0.0003634803991783,0.8293170796121715,0.0003547481029384,0.169602344974838,0.0003623469108737,301,-3,poor,poor,poor,very poor,poor,0,5,2,2,1,1,0,0,1,0,2008-12-16 00:00:00-05:00,SPY,67.41446685791016,-0.0113196054947265,-0.0096870254225002,66.30655395853536,65.668212890625,66.26984191679325,66.11576080322266,65.69756884871916,64.52361297607422,62.769995771434296,65.29399871826172,65.31601143000313,64.38418579101562,66.6513616884413,66.76142120361328,67.06227005141172,65.51411437988281,65.905420248523,65.23231506347656,65.5207924190452,64.39647674560547,64.74410774633927,63.730751037597656,63.94527121147284,64.1006088256836,64.5295985016661,64.47042846679688,64.5295969931231,64.28550720214844,64.72934159077259,65.80927276611328,65.89060959486615,66.7486343383789,-0.0261900489561125,-0.0546428087620521,0.0185737742747998,0.0052253207857132
2008_Jan_30.json,0.0,0.0,0.0,-0.0047163362952836,0.0,0.0005429858451807,0.3472722016342251,0.0005335866717837,0.6511015785105495,0.0005496473382608,137,0,poor,poor,poor,poor,poor,0,0,2,1,1,0,0,0,1,0,2008-01-30 00:00:00-05:00,SPY,97.44468688964844,-0.0111930680085802,0.0182339552796801,91.79631665364708,96.68624877929688,97.13406452451126,97.50244140625,98.60034751035536,96.09398651123048,96.25288686191764,97.68303680419922,98.3041839873298,98.1669464111328,96.3539818822178,99.22148895263672,99.63321803690344,100.81777954101562,100.55052727300556,99.54653930664062,98.1886445798944,96.88129425048828,97.2062740987813,96.10116577148438,95.198352915128,96.73683166503906,96.13006904263383,96.11563110351562,96.13734006994864,96.60682678222656,97.44465658124533,97.50244140625,98.23918032206772,98.49920654296876,0.0068152652928363,-0.0137875256317003,0.0156543555966811,0.0193493433233142
2008_Jun_25.json,0.0,0.0,0.0,-0.0546274777853725,0.0,0.0004751853762449,0.3427941176946107,0.000464314107188,0.6557901297407318,0.0004762530812244,189,7,poor,poor,poor,poor,poor,1,0,5,1,1,0,0,0,1,0,2008-06-25 00:00:00-04:00,SPY,96.15544891357422,-0.0094075423399155,-0.0271604542529262,97.76740542013594,97.4480209350586,97.37543842586206,97.57142639160156,96.90683746153952,95.9876708984375,96.35970972787824,95.89282989501952,95.60106401708448,95.70319366455078,95.2508624567062,93.5438232421875,93.58032853087803,93.033203125,93.29577702657411,93.36143493652344,92.29636756639631,93.65324401855467,93.95236148488613,92.04837036132812,92.7268063448982,92.14320373535156,92.49335194145614,91.20213317871094,91.18024144239612,92.82161712646484,93.01131616072534,91.03437042236328,90.77174281100112,91.40641021728516,-0.0191473343799716,-0.0427129049747101,0.0085296634792506,0.013339848572294
2008_Mar_18.json,0.0,0.0,0.0,-0.2199487354750513,0.0,0.0004864975431179,0.3897996656290196,0.0004775612244278,0.6087443103959589,0.0004919652074756,192,4,poor,poor,poor,very poor,poor,0,0,5,1,1,0,0,0,1,0,2008-03-18 00:00:00-04:00,SPY,96.52013397216795,0.0038163655523539,-0.0247699664068391,94.4182453385429,95.77616119384766,95.8772850445382,94.8805160522461,93.61649145004732,95.0899658203125,95.8989206702626,93.61647033691406,91.42070997747508,92.67028045654295,96.88849008656794,94.12933349609376,94.3993417682856,95.87285614013672,96.76569790030044,97.78917694091795,97.890799632402,97.883544921875,97.60045505808534,96.68585205078124,97.4117151283349,96.3809814453125,96.53340913574417,95.45911407470705,95.29944019612272,95.79303741455078,96.98344003667223,99.16104888916016,99.48046115033864,99.22640228271484,-0.023294936491345,0.0017169275651964,0.0090746438220303,0.0194009879202841
2008_Oct_291.json,0.0,0.0,0.0,-0.3175370523072703,0.0,0.0004359432212573,0.3215459553426402,0.0004204048740312,0.5727709637392303,0.1048267328228409,199,-3,poor,poor,poor,very poor,poor,0,0,1,1,0,0,0,0,1,0,2008-10-29 00:00:00-04:00,SPY,68.29493713378906,0.02900757719958,0.034594216825369,68.38295953156221,66.50463104248047,66.24782671955555,67.27503967285156,61.6767463563604,63.863243103027344,63.078170110818206,61.59604644775391,64.08334896064963,68.79385375976562,70.27600779503791,70.65754699707031,69.76238668156064,71.04640197753906,71.00970115492164,71.2518310546875,72.6825882045357,73.6731185913086,72.785299069187,70.57679748535156,69.30747058451705,66.66606903076172,67.24570630533336,68.86723327636719,69.85772731047678,67.9647216796875,66.59269990765745,65.8663101196289,64.73637644616583,62.96810150146485,0.0225761901338124,0.0334118522884405,0.0926671210056624,0.0312742789544361
2008_Sep_16.json,0.0,0.0,0.0,-0.1399886078833447,0.0,0.0005057487151795,0.2850817845165281,0.000496506984503,0.7134066584640648,0.0005093013197244,172,7,poor,poor,poor,very poor,poor,1,0,4,1,1,0,0,0,1,0,2008-09-16 00:00:00-04:00,SPY,89.07198333740234,-0.0201471966698058,-0.0449629172743479,92.71949756841332,89.8890380859375,90.37781318317036,90.25379943847656,89.08658738613602,91.5595932006836,90.66962932347056,91.98272705078124,88.72914433513425,87.605712890625,87.27743257133403,85.06704711914062,86.117491909546,87.59107971191406,92.96268768664342,91.06968688964844,91.31180084197142,89.0079116821289,88.67041615327345,86.98285675048828,87.56984293362785,87.26168060302734,87.60652172219032,88.62639617919922,87.18830738492585,88.67042541503906,87.41574472545555,81.72205352783203,83.28491533761388,85.10454559326172,-0.0293404439960081,-0.0234543625126266,0.0333493670576394,0.0368153903628318
2009_Apr_29.json,0.0,0.0140556781596018,0.0,-0.2367984021589622,0.0,0.0002554503307299,0.9989823894340164,0.0002501093097891,0.0002567179595745,0.0002553329658898,385,4,poor,good,poor,very poor,poor,0,5,2,2,0,1,0,0,1,0,2009-04-29 00:00:00-04:00,SPY,65.10322570800781,0.0132738440078274,0.0003432471484939,62.79380959495228,62.98005294799805,63.106699656761606,63.59838485717773,64.09008069853884,64.55941772460938,63.82935832007036,63.94855117797852,63.300396359804346,63.74737930297852,65.96739577046229,65.12557220458984,65.14047227004798,65.4757080078125,65.96737245686593,67.70315551757812,67.47222900390625,67.47222900390625,68.29914345312602,68.64183044433594,69.28997982759215,67.68828582763672,68.55990336706543,69.26763153076172,68.31406927709872,67.97138214111328,68.26188960338591,67.77021026611328,66.85391718579707,66.06424713134766,0.0023427394600565,0.0543537543316055,0.0127608801484844,0.0151865837861968
2009_Aug_12.json,0.0,-0.1189288841521444,0.0,0.0308686998353237,0.0,0.000256277950439,0.9989804503018326,0.0002507298524263,0.0002569037863102,0.0002556381089917,379,7,poor,poor,poor,good,poor,0,4,1,2,0,1,0,0,1,0,2009-08-12 00:00:00-04:00,SPY,75.51751708984375,0.0045634664742067,0.0076388389360847,75.49500368293347,75.22530364990234,75.56995492484879,74.83575439453125,75.62238610538652,75.81716918945312,75.47255566706298,75.65985107421875,75.32273197997642,74.71589660644531,75.86213874729859,76.0943832397461,76.05689373171725,75.50999450683594,74.05657429541961,73.65201568603516,73.81686453833386,74.23640441894531,73.6520329501754,74.88818359375,74.98558646529754,75.65985107421875,76.28166668106086,77.14322662353516,77.45787520390749,77.13572692871094,77.44289567038565,77.28556823730469,77.04582141073732,77.29305267333984,-0.0016016112759957,-0.0083336094769245,0.0128697046470628,0.0145793390107618
2009_Dec_16.json,0.0,-0.1297984493695357,0.0,-0.0183071314650262,0.0136986301369863,0.2471215387923173,0.7521620468093987,0.0002354266801278,0.0002410838311629,0.0002399038869932,437,5,poor,poor,poor,poor,good,0,3,4,2,2,1,0,0,1,0,2009-12-16 00:00:00-05:00,SPY,83.94667053222656,-0.0071732874179541,-0.0120154778789678,82.4863673683406,82.81757354736328,83.32944204234207,83.2842788696289,83.6380615234375,83.6380615234375,84.21013641357422,84.21013641357422,83.90153619637316,83.81873321533203,83.3444969367186,82.9380111694336,83.39964928993966,83.40721893310547,83.82345977386582,84.25483703613281,84.43648020305655,84.55757141113281,84.76190250321838,84.72406005859375,84.90570198669184,85.12517547607422,85.44301791698571,85.30679321289062,85.52624112018637,85.18567657470703,84.93595835242688,85.15542602539062,85.34461668258047,84.33807373046875,0.0064172296735589,0.0092605164855079,0.0060252830494788,0.0083500467729933
2009_Jan_29.json,-0.0131578947368421,0.0170617110283349,0.0,-0.2061881418736918,0.0,0.0002826600107986,0.8559437937986211,0.0002756059954547,0.1432160209163403,0.000281919278785,416,1,poor,good,poor,very poor,poor,0,5,2,2,0,1,0,0,1,0,2009-01-28 00:00:00-05:00,SPY,64.64055633544922,-0.0146468978400252,-0.0324978840533217,60.609323977068,62.170047760009766,60.96433964294024,61.20843505859375,59.84002271880944,61.47471237182617,61.82979585623428,61.89636993408203,62.229189843760096,62.52506256103516,63.6937727104815,62.53987503051758,62.85791951009652,61.267608642578125,60.33559877457523,61.08267593383789,61.46734062494646,61.94073486328125,62.35495612663225,61.63746643066406,61.1714663194872,62.55466842651367,62.76916624500768,64.33728790283203,64.32250889086141,64.42606353759766,63.812094705848935,61.47471237182617,61.72623188852671,61.83718490600586,0.0215105565300113,-0.0464582929825165,0.0029123518793816,0.0177767073419427
2009_Jun_24.json,0.0,-0.1057709894153023,0.0,0.0129261161032662,0.0,0.0002637927311147,0.998950150576489,0.0002581679658414,0.0002645840909998,0.0002633046355549,337,5,poor,poor,poor,neutral,poor,0,4,1,2,0,1,0,0,1,0,2009-06-24 00:00:00-04:00,SPY,67.51625061035156,-0.004993448985235,0.0217487109426644,68.23957681066933,68.20233154296875,68.30659637710967,68.70143127441406,69.35922483471676,68.95466613769531,68.28040281879521,66.88692474365234,67.02926540416604,66.93936157226562,67.17911165725442,68.9846420288086,68.75239760094995,68.80484008789062,69.00709766595901,69.44911193847656,69.46411820558288,68.88724517822266,69.17940847507123,69.17192077636719,68.27291604945347,67.28399658203125,66.63222304818653,67.27651977539062,67.20906616617717,65.97291564941406,66.36999290072444,65.927978515625,66.38499304506111,66.05535125732422,-0.0256482240538803,0.0245225431070035,0.018659860116753,0.0115053009245286
2009_Mar_18.json,-2.166666666666667,0.0331465872505108,0.0,-0.2438356293733396,0.0,0.0002800114260833,0.9972794183103776,0.0002733416172982,0.0018875883439251,0.0002796403023156,384,4,poor,good,poor,very poor,poor,0,4,2,2,0,1,0,0,1,0,2009-03-18 00:00:00-04:00,SPY,59.12256240844727,0.0125106849141559,-0.0123860665058997,53.99655521910878,53.73027038574219,53.71550169225824,55.84577560424805,56.22301836760155,56.282188415527344,56.92569486993664,56.1120491027832,56.26738645682698,57.82810974121094,59.86222615805687,58.39026641845703,58.67411335575072,57.146915435791016,58.659191951325134,61.25170135498047,60.5216280283366,60.04484558105469,60.51416931143103,60.67805862426758,61.27406769414565,61.91474533081055,61.12508097702584,60.79729080200195,59.44887779718217,58.69645309448242,59.27009121819491,59.24029159545898,58.50274243074778,60.38752365112305,0.0354965817112242,0.0263096887627127,0.017152188725482,0.0390433280169642
2009_Nov_04.json,0.0,-0.1591138059160135,0.0,0.0327644869750132,0.0,0.183531365771371,0.8157723452179785,0.0002289631994341,0.0002341563630399,0.0002331694481762,424,3,poor,poor,poor,good,poor,0,3,4,2,0,1,0,0,1,0,2009-11-04 00:00:00-05:00,SPY,78.97852325439453,0.007053102377411,0.0183950286097984,79.90440296785147,78.59461975097656,79.18177787637673,80.28079223632812,80.01731168168989,77.95477294921875,78.38383879074163,78.52686309814453,78.09030128802361,78.77530670166016,79.53556686452451,80.43133544921875,79.9872238481926,80.6421127319336,81.25935616449961,82.47881317138672,82.28311972503516,82.49388885498047,83.03584227489843,82.9154052734375,82.80251812707213,82.07234954833984,82.28310780787507,82.51646423339844,83.08854163194148,83.71332550048828,83.4950645041762,83.81121826171875,83.75098340837242,83.75850677490234,-0.0187527488547468,0.0498475010271086,0.0198696666832349,0.0101029989356878
2009_Sep_23.json,0.0,-0.1189288841521444,0.0,0.0227108050984816,0.0,0.0002513564832457,0.9990035318399026,0.000244908752687,0.0002506837342246,0.0002495191899399,386,6,poor,poor,poor,good,poor,0,4,2,2,0,1,0,0,1,0,2009-09-23 00:00:00-04:00,SPY,79.92700958251953,0.002166091487491,-0.0110190791635854,79.48817335926357,80.40217590332031,80.28978292694842,80.28229522705078,80.65717122447904,80.33348846435547,79.70868802072371,80.1302261352539,80.60446056455693,80.59693145751953,80.10013879759684,79.0462875366211,78.87316480296433,78.624755859375,78.9258507878951,80.03239440917969,80.17540036698963,79.79149627685547,80.06249274189638,79.48287200927734,77.53326273716918,77.51068115234375,76.7955443869229,77.14933776855469,77.45795690500984,78.30103302001953,78.86560649375897,79.42264556884766,79.24199832715631,79.64096069335938,0.0039191235076043,-0.0055567895704099,0.0042177385282758,0.0110536282625665
2010_Apr_28.json,0.0,-0.0714285714285714,0.0,-0.0605135133889475,0.0,0.7683531711144971,0.2308584468707642,0.0002588673541165,0.0002654323410796,0.0002640823195424,304,10,poor,poor,poor,poor,poor,0,1,4,2,1,1,0,0,1,0,2010-04-28 00:00:00-04:00,SPY,90.71917724609376,0.0060310471054545,0.0123972898583974,91.91221256185926,91.69184112548828,91.04592200220893,91.96542358398438,91.90465446947177,92.56578063964844,92.59616141527876,92.21620178222656,91.68426364380774,90.03524017333984,91.26630887743302,91.8438491821289,91.859012421834,90.28598022460938,90.71916851299297,91.45629119873048,90.43798599660668,89.30570220947266,88.57618493780366,88.77376556396484,88.34820298046783,85.82527160644531,85.59729322007082,84.5486068725586,88.00624804587989,88.27222442626953,87.44388324906572,88.02142333984375,88.37099923636548,89.25250244140625,-0.0209881424498833,-0.0214443267805612,0.015340078668973,0.016651098857089
2010_Aug_10.json,0.0,-0.1092505549027288,0.0,0.0157352444515387,0.0,0.998957653110118,0.0002628757738892,0.0002558656648365,0.0002621995789823,0.0002614058721739,295,9,poor,poor,poor,good,poor,0,2,5,2,0,1,0,0,1,1,2010-08-10 00:00:00-04:00,SPY,85.8060073852539,-0.0153941921450031,-0.0274069921439631,85.88238142219328,85.6838607788086,85.92054317337426,86.25650024414062,85.70673648165582,86.16485595703125,85.3173685609324,85.81366729736328,86.21834235143025,86.27178955078125,84.48509322036975,83.4543228149414,82.19448849017347,82.9427490234375,82.68316479308089,82.69843292236328,82.13342228751382,82.66026306152344,83.37032636156296,83.67573547363281,83.6375770518749,83.82846069335938,83.39325666309446,82.3701171875,82.12580275642108,82.10289764404297,82.49228354245058,81.78983306884766,80.89648879901614,80.5758056640625,0.0001772539645981,-0.0248266056950596,0.0048076879636173,0.0143780430026941
2010_Dec_14.json,0.0392334008702295,0.0,0.0,-0.0060038859832438,0.0,0.9991028294222264,0.0002256009565753,0.0002208457167293,0.0002258245674644,0.0002248993370045,399,9,good,poor,poor,poor,poor,0,0,7,2,0,1,0,2,1,0,2010-12-14 00:00:00-05:00,SPY,95.69944763183594,-0.0018443712940252,-0.004571604234155,95.13910186144383,94.28704071044922,94.40217840741975,94.63246154785156,95.16212311264174,95.00092315673828,95.2926399938826,95.55363464355467,95.991182830335,95.61504364013672,95.5229423177697,95.26194763183594,95.32332795831938,95.81460571289062,95.74747037027646,95.917236328125,96.17960975267478,96.14874267578124,96.44966649023556,96.75833129882812,96.82779380970204,97.05928802490234,96.95123907663978,96.92037200927734,96.55774106805312,96.9590072631836,97.15189341036752,97.0978775024414,97.21364670362716,97.16734313964844,0.0103831399523335,0.0110646789839978,0.002615830666064,0.0043955818076942
2010_Jan_27.json,0.0,0.0079708019374258,0.0,-0.2193505101193416,0.0,0.3894901835897202,0.6097967988865678,0.0002343279606161,0.0002400445318507,0.0002386450312451,479,7,poor,good,poor,very poor,poor,0,5,4,2,2,1,0,0,1,0,2010-01-27 00:00:00-05:00,SPY,83.11964416503906,0.0032776797792677,-0.0114724115249877,86.48742865013747,86.19227600097656,86.21496160998083,84.53485870361328,84.15644134324553,82.65040588378906,83.40721374121581,83.07421875,82.74880789444269,82.72610473632812,83.39208374197874,82.16606140136719,82.5217663702173,81.27304077148438,81.84818564077224,82.53687286376953,82.68825059873208,83.5358657836914,83.15748083669011,83.11964416503906,82.47634879032029,80.55406951904297,80.64490378561386,80.72058868408203,80.78110605264887,80.13782501220703,81.07622530821682,81.14434051513672,81.01573880708001,80.98546600341797,-0.0213965456975188,0.0,0.0139423961058186,0.0128730101427492
2010_Jun_23.json,0.0,0.0047846889952153,0.0,0.0330882611396003,-0.1111111111111111,0.9989207170180808,0.000272026242159,0.000264667710255,0.0002719553930949,0.0002706336364099,255,10,poor,good,poor,good,poor,0,0,5,2,1,1,0,0,1,0,2010-06-23 00:00:00-04:00,SPY,83.4009017944336,-0.0049437286799922,-0.0165706096030717,84.6702168701521,85.08057403564453,85.32371914719691,85.21733093261719,85.38607519486321,85.30972290039062,86.37101949851134,85.06537628173828,85.06539873818964,83.66049194335938,82.98859036429523,82.0188980102539,82.26320931625702,82.36247253417969,82.48464972142662,82.1028823852539,80.94997432611636,79.56797790527344,79.34652948774303,78.81205749511719,78.75858579287097,78.46080780029297,78.72806062074154,78.03324127197266,79.13273420719564,78.54481506347656,78.7433256979434,81.01866149902344,81.69822043453088,81.82038879394531,-0.0182690418981653,-0.055021518959435,0.0092347795687759,0.0134203169439812
2010_Mar_16.json,0.0023092783505154,-0.0682424584863609,0.0,-0.0707116935949888,0.0,0.5637076050059235,0.4355596456039827,0.0002408120291769,0.0002466342721926,0.000245303088724,353,7,good,poor,poor,poor,poor,0,2,4,2,1,1,0,0,1,0,2010-03-16 00:00:00-04:00,SPY,88.09942626953125,0.0030061267920008,0.0059268051386255,86.22252984052095,86.6236343383789,86.66149206406898,87.0096206665039,86.80525420131225,87.37285614013672,87.7512638058327,87.38043212890625,87.22906060099561,87.40312194824219,88.36426431519999,88.62157440185547,88.62914018902133,88.57616424560547,88.12784576416016,88.12784576416016,87.62626540231642,88.59896087646484,88.72816593170312,89.22211456298828,88.88777180771709,88.78897857666016,89.38927152514181,88.6445541381836,88.81171626904434,88.59133911132812,89.03975086457275,89.15373992919922,89.2601013496983,89.21450805664062,0.0045225031292404,0.0127434234364054,0.0023118682877479,0.0051631376053564
2010_Nov_03.json,0.0392334008702295,0.0,0.0,-0.0191617807200859,0.0,0.9990954808470754,0.0002275830471631,0.0002225655982435,0.0002276577034101,0.0002267128041077,388,9,good,poor,poor,poor,poor,0,0,7,2,0,1,0,2,1,0,2010-11-03 00:00:00-04:00,SPY,92.07630157470705,0.0110878537937585,0.0192579519207863,90.49498338878216,90.8711166381836,91.39307922786762,90.8864517211914,90.7943588071095,90.95555877685548,91.4008068125382,90.98628997802734,91.66948701183632,91.70787048339844,93.0972301444374,93.84950256347656,93.91093641259894,94.20263671875,93.91090224536764,94.02604675292967,94.27937006496737,93.35054779052734,93.32753113567232,93.72669219970705,92.9206789709217,93.37357330322266,92.74410102367644,92.26817321777344,92.55991287457972,92.1377182006836,91.56965865138638,90.7022476196289,90.74064366934516,90.74832153320312,0.009037857091471,0.017924162860309,0.0042669620318796,0.0098950943556067
2010_Sep_21.json,0.0108695652173913,0.0,0.0,-0.1254762011077329,0.0,0.9989702187627598,0.0002598452918836,0.0002526515852446,0.0002589905402398,0.0002582938198721,303,7,good,poor,poor,very poor,poor,0,0,6,2,0,1,0,1,1,0,2010-09-21 00:00:00-04:00,SPY,87.49362182617188,-0.0015794664825522,-0.004913426655333,85.89763753583496,86.01216888427734,85.76021191111067,86.34049987792969,86.07326557511612,86.31759643554688,86.77200990037417,86.34981536865234,86.64921159240086,87.67015075683594,87.35542858306033,87.06372833251953,86.34983556450034,86.35751342773438,87.31702642719414,88.13838195800781,88.16906366203425,87.7161636352539,87.83131835396865,88.02322387695312,87.80065428085159,87.86974334716797,88.31494343221223,87.60872650146484,88.26891308097855,87.97721862792969,87.79296743969822,87.3170394897461,88.12302505293204,89.07487487792969,0.0154000831682252,0.0060530360925443,0.0088026151301551,0.0116453011240879
2011_Apr_27.json,0.0257331554112211,0.0,0.0,0.0524648746100353,0.0,0.9991041809012164,0.0002251362251064,0.0002203632480563,0.0002257457677419,0.0002245738578787,421,15,good,poor,poor,very good,poor,0,0,11,2,1,1,0,2,1,0,2011-04-27 00:00:00-04:00,SPY,105.1457977294922,-0.0017689275271122,0.0032432934470205,101.34050307452992,101.76676177978516,102.98354161284756,103.15404510498048,103.68874561077246,103.68099975585938,103.60354317272254,103.57254791259766,103.89025962388276,104.46376037597656,104.95980243352832,105.48681640625,105.52558813462272,105.73483276367188,106.23085479569816,105.57209014892578,105.37059060325056,105.19232940673828,105.14581889613902,104.49481201171876,103.91354223586362,103.54928588867188,104.58002812995832,104.00651550292967,103.99877556776184,104.40953063964844,104.75829847694028,105.3008041381836,105.1458346153286,104.19257354736328,0.0126966932771586,-0.0061912670960777,0.0048859970550223,0.0041141068262957
2011_Aug_09.json,0.019981423139365,0.005,0.0,-0.0103624294006107,0.0,0.9445818961671076,0.0002551881830611,0.000248873740308,0.054659248037298,0.0002547938722252,450,8,good,good,poor,poor,poor,0,0,8,2,1,1,0,1,1,0,2011-08-09 00:00:00-04:00,SPY,91.49974060058594,-0.018896572546464,-0.0441774880693441,99.5453213567858,97.7383804321289,97.87077892198688,98.26799011230467,96.90499159443296,93.66496276855467,94.83323189019086,93.5247573852539,91.05582294248411,87.43415069580078,89.77070911434433,87.45751190185547,88.21297716534642,91.3829116821289,92.2162851915433,91.99820709228516,92.83155174319516,93.9453125,93.04966116229762,93.14311981201172,93.65716568913255,93.20542907714844,90.73647917873578,89.18656158447266,87.97932789750634,87.73009490966797,89.70057747861799,87.80017852783203,88.12729836736895,90.68972778320312,-0.110247898670997,0.0179604794575261,0.0327582658778118,0.033361089311037
2011_Dec_13.json,0.0070486065481354,0.0,0.0,0.0573945283736505,0.0,0.9985089128806264,0.0002636668431019,0.0002568568053409,0.0007078575757674,0.000262705895163,379,11,good,poor,poor,very good,poor,0,0,7,2,1,1,0,1,1,0,2011-12-13 00:00:00-05:00,SPY,96.3337860107422,-0.003982088449584,-0.0106460440613679,98.80768572710348,98.84683227539062,98.5180036510627,99.21477508544922,98.56502501466971,97.03839874267578,97.47679318434406,98.68243408203124,97.82125236031403,97.2419204711914,95.95017635416411,95.30821228027344,96.31810598973505,95.65265655517578,96.29873852952808,95.79450988769533,96.164783351487,94.77029418945312,96.25931917368617,97.63805389404295,97.63806647736564,97.8271484375,98.189556432352,98.69377899169922,99.00891240482696,99.57616424560548,99.40284172862162,99.65495300292967,99.67070007973442,98.34711456298828,-0.01988468564847,0.0135390493544533,0.0206563451480762,0.016727817442612
2011_Jan_26.json,0.0392334008702295,0.0,0.0,0.0074794331489577,0.0,0.9991016878699088,0.0002259718189506,0.000221091603206,0.0002260383020838,0.0002252104058506,392,13,good,poor,poor,neutral,poor,0,0,7,2,1,1,0,2,1,0,2011-01-26 00:00:00-05:00,SPY,100.06105041503906,0.0002313110055218,0.0024678232176675,99.8604598876096,98.96533203125,98.74151284910266,98.83411407470705,99.45143793005882,99.0578842163086,98.99615434349133,99.62120819091795,99.35885639490152,99.67523956298828,100.08419563722414,100.3079833984375,100.4237497073264,98.55633544921876,98.826410649233,99.29711151123048,99.8990186710856,100.8867416381836,100.62434361103914,100.6938018798828,100.51630600904072,100.91757202148438,100.95617728391125,101.2031021118164,101.42691318454898,101.8358917236328,101.9284689783173,102.2988739013672,102.02105463292732,102.06735229492188,0.0085104773402981,0.0063236540314055,0.0026186732411514,0.0124369527510762
2011_Jun_22.json,0.0002388849757742,0.005,0.0,0.0041718993298412,0.0,0.998826818391374,0.0002560083142113,0.000249807561331,0.0004116814294417,0.0002556843036419,414,8,neutral,good,poor,neutral,poor,0,0,8,2,1,1,0,2,1,0,2011-06-22 00:00:00-04:00,SPY,100.2151107788086,-0.0117354581998438,-0.0028755892000202,99.38749953874805,98.44197845458984,98.47295904766044,98.65896606445312,99.63878133309905,98.9533920288086,98.61846011364766,99.4596176147461,99.97369152879698,100.82263946533205,99.03904053527116,99.92693328857422,99.9035884746996,98.7664566040039,98.82874663900408,99.64654541015624,100.04377702655164,100.94725036621094,101.40674508480107,101.81175231933594,102.13890442295435,102.7853546142578,102.87879614875268,104.3041000366211,104.1950877842249,104.21845245361328,103.96918638245536,104.34303283691406,105.26990602048753,105.42567443847656,0.021930833934195,0.0159321436469934,0.0056748503806296,0.0101835028845738
2011_Mar_15.json,0.0148635901938298,0.0,0.0,0.0583344398274266,0.0,0.9990834719301028,0.0002302807440243,0.0002253272524636,0.0002311514188514,0.0002297686545578,412,14,good,poor,poor,very good,poor,0,0,10,2,1,1,0,2,1,0,2011-03-15 00:00:00-04:00,SPY,99.20450592041016,-0.003189211722858,-0.0185127463165425,101.58121804769412,102.30657958984376,102.10594786618182,102.1599578857422,101.08735844461344,100.26940155029295,99.94530602245077,100.9638900756836,100.30800377527991,100.35430145263672,98.88812174716844,97.36795806884766,98.77239680848427,98.65664672851562,99.8525034328132,99.01549530029295,100.24774901939304,100.5500030517578,100.53446338971452,100.20120239257812,99.92223202452804,100.48799896240234,101.06148415923182,101.44898986816406,101.7125191438816,101.75901794433594,101.97601321092442,101.51100158691406,101.42577313240714,102.19303894042967,-0.0176747961772356,0.0100468871138537,0.0127168407122226,0.0137999091365513
2011_Nov_02.json,0.0129485485305516,0.005,0.0,0.0210803997904549,0.0,0.9942634976248677,0.0002479581966979,0.0002419500436898,0.0049992457357014,0.0002473483990431,435,12,good,good,poor,good,poor,0,0,7,2,1,1,0,1,1,0,2011-11-02 00:00:00-04:00,SPY,97.06970977783205,0.0103233983441629,0.0182272887289211,97.35150323850463,97.31236267089844,99.91937375960424,100.70226287841795,100.20909048841176,100.67882537841795,99.55145854575456,98.25186920166016,95.53525007017278,95.5117645263672,98.07179905902088,98.83902740478516,98.04045475907895,98.23617553710938,98.16572175649696,98.84683227539062,99.36355264019063,100.11511993408205,97.77428359494434,96.4198989868164,97.69601245995544,97.32805633544922,98.5101939175908,99.15998840332033,98.792035025195,98.22052764892578,97.9935059131181,98.7059326171875,97.7116610611492,97.1401596069336,-0.0515430160523551,-0.0066942694327909,0.0149949023262459,0.0219571032030721
2011_Sep_21.json,0.0280424337617366,-0.004009009009009,0.0,0.0140073812757888,0.0,0.9990295561819668,0.0002440755281149,0.0002379229214502,0.0002450776526162,0.0002433677158519,499,11,good,poor,poor,good,poor,0,0,7,2,1,1,0,1,1,0,2011-09-21 00:00:00-04:00,SPY,91.30768585205078,-0.02898086822986,-0.0323247699404765,92.1695544760645,92.9717788696289,93.96872779581037,94.57623291015624,94.95590364952874,95.1359634399414,93.57803457254153,94.18868255615234,94.58793863983566,94.07906341552734,88.66150983999904,88.35618591308594,87.76904930857928,88.8885726928711,89.72623722574802,91.00233459472656,92.79512547165504,92.02007293701172,92.20798555871116,90.14117431640624,91.63650584925377,90.85362243652344,89.60100443804174,88.58325958251953,88.06653422990973,86.0623550415039,84.82541642886844,87.9491195678711,88.16832064287368,89.57750701904297,-0.0052568121961592,-0.0127756116558981,0.0079530691063802,0.0232434526746923
